URL origen,Fecha de auto,Fecha de publicación,Número de expediente,Resumen,Síntesis completa
https://www.dgej.cjf.gob.mx/siseinternet/reportes/vercaptura.aspx?tipoasunto=10&organismo=127&expediente=197/2025&tipoprocedimiento=0,,,,"Error general: HTTPSConnectionPool(host='www.dgej.cjf.gob.mx', port=443): Max retries exceeded with url: /siseinternet/reportes/vercaptura.aspx?tipoasunto=10&organismo=127&expediente=197/2025&tipoprocedimiento=0 (Caused by ConnectTimeoutError(<HTTPSConnection(host='www.dgej.cjf.gob.mx', port=443) at 0x7f8f7ff94cb0>, 'Connection to www.dgej.cjf.gob.mx timed out. (connect timeout=10)'))",
https://www.dgej.cjf.gob.mx/siseinternet/reportes/vercaptura.aspx?tipoasunto=10&organismo=473&expediente=66/2025&tipoprocedimiento=0,,,,"Error general: HTTPSConnectionPool(host='www.dgej.cjf.gob.mx', port=443): Max retries exceeded with url: /siseinternet/reportes/vercaptura.aspx?tipoasunto=10&organismo=473&expediente=66/2025&tipoprocedimiento=0 (Caused by ConnectTimeoutError(<HTTPSConnection(host='www.dgej.cjf.gob.mx', port=443) at 0x7f8f7ee1d4f0>, 'Connection to www.dgej.cjf.gob.mx timed out. (connect timeout=10)'))",
https://www.dgej.cjf.gob.mx/siseinternet/reportes/vercaptura.aspx?tipoasunto=11&organismo=399&expediente=1385/2023&tipoprocedimiento=0,,,,"Error general: HTTPSConnectionPool(host='www.dgej.cjf.gob.mx', port=443): Max retries exceeded with url: /siseinternet/reportes/vercaptura.aspx?tipoasunto=11&organismo=399&expediente=1385/2023&tipoprocedimiento=0 (Caused by ConnectTimeoutError(<HTTPSConnection(host='www.dgej.cjf.gob.mx', port=443) at 0x7f8f7ee3cb30>, 'Connection to www.dgej.cjf.gob.mx timed out. (connect timeout=10)'))",
https://www.dgej.cjf.gob.mx/siseinternet/reportes/vercaptura.aspx?tipoasunto=10&organismo=473&expediente=170/2024&tipoprocedimiento=0,,,,"Error general: HTTPSConnectionPool(host='www.dgej.cjf.gob.mx', port=443): Max retries exceeded with url: /siseinternet/reportes/vercaptura.aspx?tipoasunto=10&organismo=473&expediente=170/2024&tipoprocedimiento=0 (Caused by ConnectTimeoutError(<HTTPSConnection(host='www.dgej.cjf.gob.mx', port=443) at 0x7f8f7ee3d6a0>, 'Connection to www.dgej.cjf.gob.mx timed out. (connect timeout=10)'))",
https://www.dgej.cjf.gob.mx/siseinternet/reportes/vercaptura.aspx?tipoasunto=10&organismo=1386&expediente=47/2025&tipoprocedimiento=0,,,,"Error general: HTTPSConnectionPool(host='www.dgej.cjf.gob.mx', port=443): Max retries exceeded with url: /siseinternet/reportes/vercaptura.aspx?tipoasunto=10&organismo=1386&expediente=47/2025&tipoprocedimiento=0 (Caused by ConnectTimeoutError(<HTTPSConnection(host='www.dgej.cjf.gob.mx', port=443) at 0x7f8f7ee3de80>, 'Connection to www.dgej.cjf.gob.mx timed out. (connect timeout=10)'))",
https://www.dgej.cjf.gob.mx/siseinternet/reportes/vercaptura.aspx?tipoasunto=16&organismo=1386&expediente=32/2025&tipoprocedimiento=0,,,,"Error general: HTTPSConnectionPool(host='www.dgej.cjf.gob.mx', port=443): Max retries exceeded with url: /siseinternet/reportes/vercaptura.aspx?tipoasunto=16&organismo=1386&expediente=32/2025&tipoprocedimiento=0 (Caused by ConnectTimeoutError(<HTTPSConnection(host='www.dgej.cjf.gob.mx', port=443) at 0x7f8f7ee3e5d0>, 'Connection to www.dgej.cjf.gob.mx timed out. (connect timeout=10)'))",
https://www.dgej.cjf.gob.mx/siseinternet/reportes/vercaptura.aspx?tipoasunto=10&organismo=473&expediente=164/2025&tipoprocedimiento=0,,,,"Error general: HTTPSConnectionPool(host='www.dgej.cjf.gob.mx', port=443): Max retries exceeded with url: /siseinternet/reportes/vercaptura.aspx?tipoasunto=10&organismo=473&expediente=164/2025&tipoprocedimiento=0 (Caused by ConnectTimeoutError(<HTTPSConnection(host='www.dgej.cjf.gob.mx', port=443) at 0x7f8f7ee3eed0>, 'Connection to www.dgej.cjf.gob.mx timed out. (connect timeout=10)'))",
https://www.dgej.cjf.gob.mx/siseinternet/reportes/vercaptura.aspx?tipoasunto=1&organismo=5742&expediente=1702/2024&tipoprocedimiento=0,,,,"Error general: HTTPSConnectionPool(host='www.dgej.cjf.gob.mx', port=443): Max retries exceeded with url: /siseinternet/reportes/vercaptura.aspx?tipoasunto=1&organismo=5742&expediente=1702/2024&tipoprocedimiento=0 (Caused by ConnectTimeoutError(<HTTPSConnection(host='www.dgej.cjf.gob.mx', port=443) at 0x7f8f7ee1fd70>, 'Connection to www.dgej.cjf.gob.mx timed out. (connect timeout=10)'))",
https://www.dgej.cjf.gob.mx/siseinternet/reportes/vercaptura.aspx?tipoasunto=16&organismo=1386&expediente=106/2025&tipoprocedimiento=0,,,,"Error general: HTTPSConnectionPool(host='www.dgej.cjf.gob.mx', port=443): Max retries exceeded with url: /siseinternet/reportes/vercaptura.aspx?tipoasunto=16&organismo=1386&expediente=106/2025&tipoprocedimiento=0 (Caused by ConnectTimeoutError(<HTTPSConnection(host='www.dgej.cjf.gob.mx', port=443) at 0x7f8f7ee3e5a0>, 'Connection to www.dgej.cjf.gob.mx timed out. (connect timeout=10)'))",
https://www.dgej.cjf.gob.mx/siseinternet/reportes/vercaptura.aspx?tipoasunto=1&organismo=3890&expediente=1457/2022&tipoprocedimiento=0,,,,"Error general: HTTPSConnectionPool(host='www.dgej.cjf.gob.mx', port=443): Max retries exceeded with url: /siseinternet/reportes/vercaptura.aspx?tipoasunto=1&organismo=3890&expediente=1457/2022&tipoprocedimiento=0 (Caused by ConnectTimeoutError(<HTTPSConnection(host='www.dgej.cjf.gob.mx', port=443) at 0x7f8f7ee3e0c0>, 'Connection to www.dgej.cjf.gob.mx timed out. (connect timeout=10)'))",
https://www.dgej.cjf.gob.mx/siseinternet/reportes/vercaptura.aspx?tipoasunto=16&organismo=118&expediente=87/2025&tipoprocedimiento=0,,,,"Error general: HTTPSConnectionPool(host='www.dgej.cjf.gob.mx', port=443): Max retries exceeded with url: /siseinternet/reportes/vercaptura.aspx?tipoasunto=16&organismo=118&expediente=87/2025&tipoprocedimiento=0 (Caused by ConnectTimeoutError(<HTTPSConnection(host='www.dgej.cjf.gob.mx', port=443) at 0x7f8f7ee3d340>, 'Connection to www.dgej.cjf.gob.mx timed out. (connect timeout=10)'))",
https://www.dgej.cjf.gob.mx/siseinternet/reportes/vercaptura.aspx?tipoasunto=16&organismo=795&expediente=47/2024&tipoprocedimiento=0,,,,"Error general: HTTPSConnectionPool(host='www.dgej.cjf.gob.mx', port=443): Max retries exceeded with url: /siseinternet/reportes/vercaptura.aspx?tipoasunto=16&organismo=795&expediente=47/2024&tipoprocedimiento=0 (Caused by ConnectTimeoutError(<HTTPSConnection(host='www.dgej.cjf.gob.mx', port=443) at 0x7f8f7ee3c290>, 'Connection to www.dgej.cjf.gob.mx timed out. (connect timeout=10)'))",
https://www.dgej.cjf.gob.mx/siseinternet/reportes/vercaptura.aspx?tipoasunto=16&organismo=795&expediente=147/2024&tipoprocedimiento=0,,,,"Error general: HTTPSConnectionPool(host='www.dgej.cjf.gob.mx', port=443): Max retries exceeded with url: /siseinternet/reportes/vercaptura.aspx?tipoasunto=16&organismo=795&expediente=147/2024&tipoprocedimiento=0 (Caused by ConnectTimeoutError(<HTTPSConnection(host='www.dgej.cjf.gob.mx', port=443) at 0x7f8f7ee3fb60>, 'Connection to www.dgej.cjf.gob.mx timed out. (connect timeout=10)'))",
https://www.dgej.cjf.gob.mx/siseinternet/reportes/vercaptura.aspx?tipoasunto=10&organismo=1386&expediente=150/2024&tipoprocedimiento=0,,,,"Error general: HTTPSConnectionPool(host='www.dgej.cjf.gob.mx', port=443): Max retries exceeded with url: /siseinternet/reportes/vercaptura.aspx?tipoasunto=10&organismo=1386&expediente=150/2024&tipoprocedimiento=0 (Caused by ConnectTimeoutError(<HTTPSConnection(host='www.dgej.cjf.gob.mx', port=443) at 0x7f8f7ee3f800>, 'Connection to www.dgej.cjf.gob.mx timed out. (connect timeout=10)'))",
https://www.dgej.cjf.gob.mx/siseinternet/reportes/vercaptura.aspx?tipoasunto=16&organismo=1386&expediente=110/2024&tipoprocedimiento=0,,,,"Error general: HTTPSConnectionPool(host='www.dgej.cjf.gob.mx', port=443): Max retries exceeded with url: /siseinternet/reportes/vercaptura.aspx?tipoasunto=16&organismo=1386&expediente=110/2024&tipoprocedimiento=0 (Caused by ConnectTimeoutError(<HTTPSConnection(host='www.dgej.cjf.gob.mx', port=443) at 0x7f8f7ee3c5f0>, 'Connection to www.dgej.cjf.gob.mx timed out. (connect timeout=10)'))",
https://www.dgej.cjf.gob.mx/siseinternet/reportes/vercaptura.aspx?tipoasunto=16&organismo=1886&expediente=39/2024&tipoprocedimiento=0,,,,"Error general: HTTPSConnectionPool(host='www.dgej.cjf.gob.mx', port=443): Max retries exceeded with url: /siseinternet/reportes/vercaptura.aspx?tipoasunto=16&organismo=1886&expediente=39/2024&tipoprocedimiento=0 (Caused by ConnectTimeoutError(<HTTPSConnection(host='www.dgej.cjf.gob.mx', port=443) at 0x7f8f7ee3d640>, 'Connection to www.dgej.cjf.gob.mx timed out. (connect timeout=10)'))",
https://www.dgej.cjf.gob.mx/siseinternet/reportes/vercaptura.aspx?tipoasunto=16&organismo=118&expediente=123/2025&tipoprocedimiento=0,,,,"Error general: HTTPSConnectionPool(host='www.dgej.cjf.gob.mx', port=443): Max retries exceeded with url: /siseinternet/reportes/vercaptura.aspx?tipoasunto=16&organismo=118&expediente=123/2025&tipoprocedimiento=0 (Caused by ConnectTimeoutError(<HTTPSConnection(host='www.dgej.cjf.gob.mx', port=443) at 0x7f8f7ee3dfa0>, 'Connection to www.dgej.cjf.gob.mx timed out. (connect timeout=10)'))",
https://www.dgej.cjf.gob.mx/siseinternet/reportes/vercaptura.aspx?tipoasunto=10&organismo=1886&expediente=262/2024&tipoprocedimiento=0,,,,"Error general: HTTPSConnectionPool(host='www.dgej.cjf.gob.mx', port=443): Max retries exceeded with url: /siseinternet/reportes/vercaptura.aspx?tipoasunto=10&organismo=1886&expediente=262/2024&tipoprocedimiento=0 (Caused by ConnectTimeoutError(<HTTPSConnection(host='www.dgej.cjf.gob.mx', port=443) at 0x7f8f7ee3e1b0>, 'Connection to www.dgej.cjf.gob.mx timed out. (connect timeout=10)'))",
https://www.dgej.cjf.gob.mx/siseinternet/reportes/vercaptura.aspx?tipoasunto=11&organismo=129&expediente=34/2025&tipoprocedimiento=0,,,,"Error general: HTTPSConnectionPool(host='www.dgej.cjf.gob.mx', port=443): Max retries exceeded with url: /siseinternet/reportes/vercaptura.aspx?tipoasunto=11&organismo=129&expediente=34/2025&tipoprocedimiento=0 (Caused by ConnectTimeoutError(<HTTPSConnection(host='www.dgej.cjf.gob.mx', port=443) at 0x7f8f7ee1fd70>, 'Connection to www.dgej.cjf.gob.mx timed out. (connect timeout=10)'))",
https://www.dgej.cjf.gob.mx/siseinternet/reportes/vercaptura.aspx?tipoasunto=11&organismo=4405&expediente=781/2023&tipoprocedimiento=0,,,,"Error general: HTTPSConnectionPool(host='www.dgej.cjf.gob.mx', port=443): Max retries exceeded with url: /siseinternet/reportes/vercaptura.aspx?tipoasunto=11&organismo=4405&expediente=781/2023&tipoprocedimiento=0 (Caused by ConnectTimeoutError(<HTTPSConnection(host='www.dgej.cjf.gob.mx', port=443) at 0x7f8f7ee90920>, 'Connection to www.dgej.cjf.gob.mx timed out. (connect timeout=10)'))",
https://www.dgej.cjf.gob.mx/siseinternet/reportes/vercaptura.aspx?tipoasunto=11&organismo=399&expediente=1384/2023&tipoprocedimiento=0,,,,"Error general: HTTPSConnectionPool(host='www.dgej.cjf.gob.mx', port=443): Max retries exceeded with url: /siseinternet/reportes/vercaptura.aspx?tipoasunto=11&organismo=399&expediente=1384/2023&tipoprocedimiento=0 (Caused by ConnectTimeoutError(<HTTPSConnection(host='www.dgej.cjf.gob.mx', port=443) at 0x7f8f7ee3ed20>, 'Connection to www.dgej.cjf.gob.mx timed out. (connect timeout=10)'))",
https://www.dgej.cjf.gob.mx/siseinternet/reportes/vercaptura.aspx?tipoasunto=10&organismo=1887&expediente=61/2025&tipoprocedimiento=0,,,,"Error general: HTTPSConnectionPool(host='www.dgej.cjf.gob.mx', port=443): Max retries exceeded with url: /siseinternet/reportes/vercaptura.aspx?tipoasunto=10&organismo=1887&expediente=61/2025&tipoprocedimiento=0 (Caused by ConnectTimeoutError(<HTTPSConnection(host='www.dgej.cjf.gob.mx', port=443) at 0x7f8f7ee3dd00>, 'Connection to www.dgej.cjf.gob.mx timed out. (connect timeout=10)'))",
https://www.dgej.cjf.gob.mx/siseinternet/reportes/vercaptura.aspx?tipoasunto=1&organismo=5741&expediente=1155/2025&tipoprocedimiento=0,,,,"Error general: HTTPSConnectionPool(host='www.dgej.cjf.gob.mx', port=443): Max retries exceeded with url: /siseinternet/reportes/vercaptura.aspx?tipoasunto=1&organismo=5741&expediente=1155/2025&tipoprocedimiento=0 (Caused by ConnectTimeoutError(<HTTPSConnection(host='www.dgej.cjf.gob.mx', port=443) at 0x7f8f7ee3cd70>, 'Connection to www.dgej.cjf.gob.mx timed out. (connect timeout=10)'))",
https://www.dgej.cjf.gob.mx/siseinternet/reportes/vercaptura.aspx?tipoasunto=16&organismo=1886&expediente=111/2024&tipoprocedimiento=0,,,,"Error general: HTTPSConnectionPool(host='www.dgej.cjf.gob.mx', port=443): Max retries exceeded with url: /siseinternet/reportes/vercaptura.aspx?tipoasunto=16&organismo=1886&expediente=111/2024&tipoprocedimiento=0 (Caused by ConnectTimeoutError(<HTTPSConnection(host='www.dgej.cjf.gob.mx', port=443) at 0x7f8f7ee3f830>, 'Connection to www.dgej.cjf.gob.mx timed out. (connect timeout=10)'))",
https://www.dgej.cjf.gob.mx/siseinternet/reportes/vercaptura.aspx?tipoasunto=16&organismo=473&expediente=124/2024&tipoprocedimiento=0,,,,"Error general: HTTPSConnectionPool(host='www.dgej.cjf.gob.mx', port=443): Max retries exceeded with url: /siseinternet/reportes/vercaptura.aspx?tipoasunto=16&organismo=473&expediente=124/2024&tipoprocedimiento=0 (Caused by ConnectTimeoutError(<HTTPSConnection(host='www.dgej.cjf.gob.mx', port=443) at 0x7f8f7ee3fec0>, 'Connection to www.dgej.cjf.gob.mx timed out. (connect timeout=10)'))",
https://www.dgej.cjf.gob.mx/siseinternet/reportes/vercaptura.aspx?tipoasunto=10&organismo=1386&expediente=260/2024&tipoprocedimiento=0,,,,"Error general: HTTPSConnectionPool(host='www.dgej.cjf.gob.mx', port=443): Max retries exceeded with url: /siseinternet/reportes/vercaptura.aspx?tipoasunto=10&organismo=1386&expediente=260/2024&tipoprocedimiento=0 (Caused by ConnectTimeoutError(<HTTPSConnection(host='www.dgej.cjf.gob.mx', port=443) at 0x7f8f7ee90c20>, 'Connection to www.dgej.cjf.gob.mx timed out. (connect timeout=10)'))",
https://www.dgej.cjf.gob.mx/siseinternet/reportes/vercaptura.aspx?tipoasunto=11&organismo=795&expediente=287/2023&tipoprocedimiento=0,,,,"Error general: HTTPSConnectionPool(host='www.dgej.cjf.gob.mx', port=443): Max retries exceeded with url: /siseinternet/reportes/vercaptura.aspx?tipoasunto=11&organismo=795&expediente=287/2023&tipoprocedimiento=0 (Caused by ConnectTimeoutError(<HTTPSConnection(host='www.dgej.cjf.gob.mx', port=443) at 0x7f8f7ee3fc80>, 'Connection to www.dgej.cjf.gob.mx timed out. (connect timeout=10)'))",
https://www.dgej.cjf.gob.mx/siseinternet/reportes/vercaptura.aspx?tipoasunto=16&organismo=1379&expediente=195/2024&tipoprocedimiento=0,,,,"Error general: HTTPSConnectionPool(host='www.dgej.cjf.gob.mx', port=443): Max retries exceeded with url: /siseinternet/reportes/vercaptura.aspx?tipoasunto=16&organismo=1379&expediente=195/2024&tipoprocedimiento=0 (Caused by ConnectTimeoutError(<HTTPSConnection(host='www.dgej.cjf.gob.mx', port=443) at 0x7f8f7ee3c290>, 'Connection to www.dgej.cjf.gob.mx timed out. (connect timeout=10)'))",
https://www.dgej.cjf.gob.mx/siseinternet/reportes/vercaptura.aspx?tipoasunto=1&organismo=5748&expediente=711/2025&tipoprocedimiento=0,,,,"Error general: HTTPSConnectionPool(host='www.dgej.cjf.gob.mx', port=443): Max retries exceeded with url: /siseinternet/reportes/vercaptura.aspx?tipoasunto=1&organismo=5748&expediente=711/2025&tipoprocedimiento=0 (Caused by ConnectTimeoutError(<HTTPSConnection(host='www.dgej.cjf.gob.mx', port=443) at 0x7f8f7ee3d2e0>, 'Connection to www.dgej.cjf.gob.mx timed out. (connect timeout=10)'))",
https://www.dgej.cjf.gob.mx/siseinternet/reportes/vercaptura.aspx?tipoasunto=16&organismo=1886&expediente=97/2024&tipoprocedimiento=0,,,,"Error general: HTTPSConnectionPool(host='www.dgej.cjf.gob.mx', port=443): Max retries exceeded with url: /siseinternet/reportes/vercaptura.aspx?tipoasunto=16&organismo=1886&expediente=97/2024&tipoprocedimiento=0 (Caused by ConnectTimeoutError(<HTTPSConnection(host='www.dgej.cjf.gob.mx', port=443) at 0x7f8f7ee3e8d0>, 'Connection to www.dgej.cjf.gob.mx timed out. (connect timeout=10)'))",
https://www.dgej.cjf.gob.mx/siseinternet/reportes/vercaptura.aspx?tipoasunto=10&organismo=149&expediente=88/2024&tipoprocedimiento=0,,,,"Error general: HTTPSConnectionPool(host='www.dgej.cjf.gob.mx', port=443): Max retries exceeded with url: /siseinternet/reportes/vercaptura.aspx?tipoasunto=10&organismo=149&expediente=88/2024&tipoprocedimiento=0 (Caused by ConnectTimeoutError(<HTTPSConnection(host='www.dgej.cjf.gob.mx', port=443) at 0x7f8f7ee3e750>, 'Connection to www.dgej.cjf.gob.mx timed out. (connect timeout=10)'))",
https://www.dgej.cjf.gob.mx/siseinternet/reportes/vercaptura.aspx?tipoasunto=10&organismo=1589&expediente=58/2025&tipoprocedimiento=0,,,,"Error general: HTTPSConnectionPool(host='www.dgej.cjf.gob.mx', port=443): Max retries exceeded with url: /siseinternet/reportes/vercaptura.aspx?tipoasunto=10&organismo=1589&expediente=58/2025&tipoprocedimiento=0 (Caused by ConnectTimeoutError(<HTTPSConnection(host='www.dgej.cjf.gob.mx', port=443) at 0x7f8f7ee91070>, 'Connection to www.dgej.cjf.gob.mx timed out. (connect timeout=10)'))",
https://www.dgej.cjf.gob.mx/siseinternet/reportes/vercaptura.aspx?tipoasunto=10&organismo=1886&expediente=311/2024&tipoprocedimiento=0,,,,"Error general: HTTPSConnectionPool(host='www.dgej.cjf.gob.mx', port=443): Max retries exceeded with url: /siseinternet/reportes/vercaptura.aspx?tipoasunto=10&organismo=1886&expediente=311/2024&tipoprocedimiento=0 (Caused by ConnectTimeoutError(<HTTPSConnection(host='www.dgej.cjf.gob.mx', port=443) at 0x7f8f7ee90530>, 'Connection to www.dgej.cjf.gob.mx timed out. (connect timeout=10)'))",
https://www.dgej.cjf.gob.mx/siseinternet/reportes/vercaptura.aspx?tipoasunto=10&organismo=1887&expediente=127/2025&tipoprocedimiento=0,,,,"Error general: HTTPSConnectionPool(host='www.dgej.cjf.gob.mx', port=443): Max retries exceeded with url: /siseinternet/reportes/vercaptura.aspx?tipoasunto=10&organismo=1887&expediente=127/2025&tipoprocedimiento=0 (Caused by ConnectTimeoutError(<HTTPSConnection(host='www.dgej.cjf.gob.mx', port=443) at 0x7f8f7ee3e210>, 'Connection to www.dgej.cjf.gob.mx timed out. (connect timeout=10)'))",
https://www.dgej.cjf.gob.mx/siseinternet/reportes/vercaptura.aspx?tipoasunto=16&organismo=795&expediente=43/2024&tipoprocedimiento=0,,,,"Error general: HTTPSConnectionPool(host='www.dgej.cjf.gob.mx', port=443): Max retries exceeded with url: /siseinternet/reportes/vercaptura.aspx?tipoasunto=16&organismo=795&expediente=43/2024&tipoprocedimiento=0 (Caused by ConnectTimeoutError(<HTTPSConnection(host='www.dgej.cjf.gob.mx', port=443) at 0x7f8f7ee3dbb0>, 'Connection to www.dgej.cjf.gob.mx timed out. (connect timeout=10)'))",
https://www.dgej.cjf.gob.mx/siseinternet/reportes/vercaptura.aspx?tipoasunto=10&organismo=428&expediente=78/2024&tipoprocedimiento=0,,,,"Error general: HTTPSConnectionPool(host='www.dgej.cjf.gob.mx', port=443): Max retries exceeded with url: /siseinternet/reportes/vercaptura.aspx?tipoasunto=10&organismo=428&expediente=78/2024&tipoprocedimiento=0 (Caused by ConnectTimeoutError(<HTTPSConnection(host='www.dgej.cjf.gob.mx', port=443) at 0x7f8f7ee3f290>, 'Connection to www.dgej.cjf.gob.mx timed out. (connect timeout=10)'))",
https://www.dgej.cjf.gob.mx/siseinternet/reportes/vercaptura.aspx?tipoasunto=16&organismo=795&expediente=31/2025&tipoprocedimiento=0,,,,"Error general: HTTPSConnectionPool(host='www.dgej.cjf.gob.mx', port=443): Max retries exceeded with url: /siseinternet/reportes/vercaptura.aspx?tipoasunto=16&organismo=795&expediente=31/2025&tipoprocedimiento=0 (Caused by ConnectTimeoutError(<HTTPSConnection(host='www.dgej.cjf.gob.mx', port=443) at 0x7f8f7ee3fcb0>, 'Connection to www.dgej.cjf.gob.mx timed out. (connect timeout=10)'))",
https://www.dgej.cjf.gob.mx/siseinternet/reportes/vercaptura.aspx?tipoasunto=1&organismo=212&expediente=1062/2023&tipoprocedimiento=0,,,,"Error general: HTTPSConnectionPool(host='www.dgej.cjf.gob.mx', port=443): Max retries exceeded with url: /siseinternet/reportes/vercaptura.aspx?tipoasunto=1&organismo=212&expediente=1062/2023&tipoprocedimiento=0 (Caused by ConnectTimeoutError(<HTTPSConnection(host='www.dgej.cjf.gob.mx', port=443) at 0x7f8f7ee3f650>, 'Connection to www.dgej.cjf.gob.mx timed out. (connect timeout=10)'))",
https://www.dgej.cjf.gob.mx/siseinternet/reportes/vercaptura.aspx?tipoasunto=16&organismo=1386&expediente=71/2024&tipoprocedimiento=0,,,,"Error general: HTTPSConnectionPool(host='www.dgej.cjf.gob.mx', port=443): Max retries exceeded with url: /siseinternet/reportes/vercaptura.aspx?tipoasunto=16&organismo=1386&expediente=71/2024&tipoprocedimiento=0 (Caused by ConnectTimeoutError(<HTTPSConnection(host='www.dgej.cjf.gob.mx', port=443) at 0x7f8f7ee91100>, 'Connection to www.dgej.cjf.gob.mx timed out. (connect timeout=10)'))",
https://www.dgej.cjf.gob.mx/siseinternet/reportes/vercaptura.aspx?tipoasunto=10&organismo=795&expediente=359/2023&tipoprocedimiento=0,,,,"Error general: HTTPSConnectionPool(host='www.dgej.cjf.gob.mx', port=443): Max retries exceeded with url: /siseinternet/reportes/vercaptura.aspx?tipoasunto=10&organismo=795&expediente=359/2023&tipoprocedimiento=0 (Caused by ConnectTimeoutError(<HTTPSConnection(host='www.dgej.cjf.gob.mx', port=443) at 0x7f8f7ee3f2f0>, 'Connection to www.dgej.cjf.gob.mx timed out. (connect timeout=10)'))",
https://www.dgej.cjf.gob.mx/siseinternet/reportes/vercaptura.aspx?tipoasunto=10&organismo=1886&expediente=303/2024&tipoprocedimiento=0,,,,"Error general: HTTPSConnectionPool(host='www.dgej.cjf.gob.mx', port=443): Max retries exceeded with url: /siseinternet/reportes/vercaptura.aspx?tipoasunto=10&organismo=1886&expediente=303/2024&tipoprocedimiento=0 (Caused by ConnectTimeoutError(<HTTPSConnection(host='www.dgej.cjf.gob.mx', port=443) at 0x7f8f7ee3c3b0>, 'Connection to www.dgej.cjf.gob.mx timed out. (connect timeout=10)'))",
https://www.dgej.cjf.gob.mx/siseinternet/reportes/vercaptura.aspx?tipoasunto=16&organismo=473&expediente=12/2024&tipoprocedimiento=0,,,,"Error general: HTTPSConnectionPool(host='www.dgej.cjf.gob.mx', port=443): Max retries exceeded with url: /siseinternet/reportes/vercaptura.aspx?tipoasunto=16&organismo=473&expediente=12/2024&tipoprocedimiento=0 (Caused by ConnectTimeoutError(<HTTPSConnection(host='www.dgej.cjf.gob.mx', port=443) at 0x7f8f7ee3e0c0>, 'Connection to www.dgej.cjf.gob.mx timed out. (connect timeout=10)'))",
https://www.dgej.cjf.gob.mx/siseinternet/reportes/vercaptura.aspx?tipoasunto=11&organismo=1887&expediente=300/2024&tipoprocedimiento=0,,,,"Error general: HTTPSConnectionPool(host='www.dgej.cjf.gob.mx', port=443): Max retries exceeded with url: /siseinternet/reportes/vercaptura.aspx?tipoasunto=11&organismo=1887&expediente=300/2024&tipoprocedimiento=0 (Caused by ConnectTimeoutError(<HTTPSConnection(host='www.dgej.cjf.gob.mx', port=443) at 0x7f8f7ee3e6f0>, 'Connection to www.dgej.cjf.gob.mx timed out. (connect timeout=10)'))",
https://www.dgej.cjf.gob.mx/siseinternet/reportes/vercaptura.aspx?tipoasunto=10&organismo=127&expediente=258/2024&tipoprocedimiento=0,,,,"Error general: HTTPSConnectionPool(host='www.dgej.cjf.gob.mx', port=443): Max retries exceeded with url: /siseinternet/reportes/vercaptura.aspx?tipoasunto=10&organismo=127&expediente=258/2024&tipoprocedimiento=0 (Caused by ConnectTimeoutError(<HTTPSConnection(host='www.dgej.cjf.gob.mx', port=443) at 0x7f8f7ee3e690>, 'Connection to www.dgej.cjf.gob.mx timed out. (connect timeout=10)'))",
https://www.dgej.cjf.gob.mx/siseinternet/reportes/vercaptura.aspx?tipoasunto=10&organismo=127&expediente=43/2025&tipoprocedimiento=0,,,,"Error general: HTTPSConnectionPool(host='www.dgej.cjf.gob.mx', port=443): Max retries exceeded with url: /siseinternet/reportes/vercaptura.aspx?tipoasunto=10&organismo=127&expediente=43/2025&tipoprocedimiento=0 (Caused by ConnectTimeoutError(<HTTPSConnection(host='www.dgej.cjf.gob.mx', port=443) at 0x7f8f7ee90e90>, 'Connection to www.dgej.cjf.gob.mx timed out. (connect timeout=10)'))",
https://www.dgej.cjf.gob.mx/siseinternet/reportes/vercaptura.aspx?tipoasunto=1&organismo=5748&expediente=748/2024&tipoprocedimiento=0,,,,"Error general: HTTPSConnectionPool(host='www.dgej.cjf.gob.mx', port=443): Max retries exceeded with url: /siseinternet/reportes/vercaptura.aspx?tipoasunto=1&organismo=5748&expediente=748/2024&tipoprocedimiento=0 (Caused by ConnectTimeoutError(<HTTPSConnection(host='www.dgej.cjf.gob.mx', port=443) at 0x7f8f7ee3eae0>, 'Connection to www.dgej.cjf.gob.mx timed out. (connect timeout=10)'))",
https://www.dgej.cjf.gob.mx/siseinternet/reportes/vercaptura.aspx?tipoasunto=10&organismo=127&expediente=123/2025&tipoprocedimiento=0,,,,"Error general: HTTPSConnectionPool(host='www.dgej.cjf.gob.mx', port=443): Max retries exceeded with url: /siseinternet/reportes/vercaptura.aspx?tipoasunto=10&organismo=127&expediente=123/2025&tipoprocedimiento=0 (Caused by ConnectTimeoutError(<HTTPSConnection(host='www.dgej.cjf.gob.mx', port=443) at 0x7f8f7ee3ddc0>, 'Connection to www.dgej.cjf.gob.mx timed out. (connect timeout=10)'))",
https://www.dgej.cjf.gob.mx/siseinternet/reportes/vercaptura.aspx?tipoasunto=10&organismo=118&expediente=152/2025&tipoprocedimiento=0,,,,"Error general: HTTPSConnectionPool(host='www.dgej.cjf.gob.mx', port=443): Max retries exceeded with url: /siseinternet/reportes/vercaptura.aspx?tipoasunto=10&organismo=118&expediente=152/2025&tipoprocedimiento=0 (Caused by ConnectTimeoutError(<HTTPSConnection(host='www.dgej.cjf.gob.mx', port=443) at 0x7f8f7ee3d8b0>, 'Connection to www.dgej.cjf.gob.mx timed out. (connect timeout=10)'))",
https://www.dgej.cjf.gob.mx/siseinternet/reportes/vercaptura.aspx?tipoasunto=10&organismo=1886&expediente=80/2024&tipoprocedimiento=0,,,,"Error general: HTTPSConnectionPool(host='www.dgej.cjf.gob.mx', port=443): Max retries exceeded with url: /siseinternet/reportes/vercaptura.aspx?tipoasunto=10&organismo=1886&expediente=80/2024&tipoprocedimiento=0 (Caused by ConnectTimeoutError(<HTTPSConnection(host='www.dgej.cjf.gob.mx', port=443) at 0x7f8f7ee3cb00>, 'Connection to www.dgej.cjf.gob.mx timed out. (connect timeout=10)'))",
https://www.dgej.cjf.gob.mx/siseinternet/reportes/vercaptura.aspx?tipoasunto=1&organismo=5742&expediente=761/2025&tipoprocedimiento=0,,,,"Error general: HTTPSConnectionPool(host='www.dgej.cjf.gob.mx', port=443): Max retries exceeded with url: /siseinternet/reportes/vercaptura.aspx?tipoasunto=1&organismo=5742&expediente=761/2025&tipoprocedimiento=0 (Caused by ConnectTimeoutError(<HTTPSConnection(host='www.dgej.cjf.gob.mx', port=443) at 0x7f8f7ee3fc80>, 'Connection to www.dgej.cjf.gob.mx timed out. (connect timeout=10)'))",
https://www.dgej.cjf.gob.mx/siseinternet/reportes/vercaptura.aspx?tipoasunto=10&organismo=586&expediente=624/2024&tipoprocedhimiento=0,,,,"Error general: HTTPSConnectionPool(host='www.dgej.cjf.gob.mx', port=443): Max retries exceeded with url: /siseinternet/reportes/vercaptura.aspx?tipoasunto=10&organismo=586&expediente=624/2024&tipoprocedhimiento=0 (Caused by ConnectTimeoutError(<HTTPSConnection(host='www.dgej.cjf.gob.mx', port=443) at 0x7f8f7ee91160>, 'Connection to www.dgej.cjf.gob.mx timed out. (connect timeout=10)'))",
https://www.dgej.cjf.gob.mx/siseinternet/reportes/vercaptura.aspx?tipoasunto=16&organismo=1886&expediente=45/2024&tipoprocedimiento=0,,,,"Error general: HTTPSConnectionPool(host='www.dgej.cjf.gob.mx', port=443): Max retries exceeded with url: /siseinternet/reportes/vercaptura.aspx?tipoasunto=16&organismo=1886&expediente=45/2024&tipoprocedimiento=0 (Caused by ConnectTimeoutError(<HTTPSConnection(host='www.dgej.cjf.gob.mx', port=443) at 0x7f8f7ee915e0>, 'Connection to www.dgej.cjf.gob.mx timed out. (connect timeout=10)'))",
https://www.dgej.cjf.gob.mx/siseinternet/reportes/vercaptura.aspx?tipoasunto=1&organismo=5770&expediente=687/2024&tipoprocedimiento=0,,,,"Error general: HTTPSConnectionPool(host='www.dgej.cjf.gob.mx', port=443): Max retries exceeded with url: /siseinternet/reportes/vercaptura.aspx?tipoasunto=1&organismo=5770&expediente=687/2024&tipoprocedimiento=0 (Caused by ConnectTimeoutError(<HTTPSConnection(host='www.dgej.cjf.gob.mx', port=443) at 0x7f8f7ee3fa10>, 'Connection to www.dgej.cjf.gob.mx timed out. (connect timeout=10)'))",
https://www.dgej.cjf.gob.mx/siseinternet/reportes/vercaptura.aspx?tipoasunto=1&organismo=5742&expediente=759/2025&tipoprocedimiento=0,,,,"Error general: HTTPSConnectionPool(host='www.dgej.cjf.gob.mx', port=443): Max retries exceeded with url: /siseinternet/reportes/vercaptura.aspx?tipoasunto=1&organismo=5742&expediente=759/2025&tipoprocedimiento=0 (Caused by ConnectTimeoutError(<HTTPSConnection(host='www.dgej.cjf.gob.mx', port=443) at 0x7f8f7ee3cb00>, 'Connection to www.dgej.cjf.gob.mx timed out. (connect timeout=10)'))",
https://www.dgej.cjf.gob.mx/siseinternet/reportes/vercaptura.aspx?tipoasunto=16&organismo=1386&expediente=25/2025&tipoprocedimiento=0,,,,"Error general: HTTPSConnectionPool(host='www.dgej.cjf.gob.mx', port=443): Max retries exceeded with url: /siseinternet/reportes/vercaptura.aspx?tipoasunto=16&organismo=1386&expediente=25/2025&tipoprocedimiento=0 (Caused by ConnectTimeoutError(<HTTPSConnection(host='www.dgej.cjf.gob.mx', port=443) at 0x7f8f7ee3e180>, 'Connection to www.dgej.cjf.gob.mx timed out. (connect timeout=10)'))",
https://www.dgej.cjf.gob.mx/siseinternet/reportes/vercaptura.aspx?tipoasunto=16&organismo=1887&expediente=70/2025&tipoprocedimiento=0,,,,"Error general: HTTPSConnectionPool(host='www.dgej.cjf.gob.mx', port=443): Max retries exceeded with url: /siseinternet/reportes/vercaptura.aspx?tipoasunto=16&organismo=1887&expediente=70/2025&tipoprocedimiento=0 (Caused by ConnectTimeoutError(<HTTPSConnection(host='www.dgej.cjf.gob.mx', port=443) at 0x7f8f7ee3e8a0>, 'Connection to www.dgej.cjf.gob.mx timed out. (connect timeout=10)'))",
https://www.dgej.cjf.gob.mx/siseinternet/reportes/vercaptura.aspx?tipoasunto=1&organismo=5747&expediente=884/2024&tipoprocedimiento=0,,,,"Error general: HTTPSConnectionPool(host='www.dgej.cjf.gob.mx', port=443): Max retries exceeded with url: /siseinternet/reportes/vercaptura.aspx?tipoasunto=1&organismo=5747&expediente=884/2024&tipoprocedimiento=0 (Caused by ConnectTimeoutError(<HTTPSConnection(host='www.dgej.cjf.gob.mx', port=443) at 0x7f8f7ee91070>, 'Connection to www.dgej.cjf.gob.mx timed out. (connect timeout=10)'))",
https://www.dgej.cjf.gob.mx/siseinternet/reportes/vercaptura.aspx?tipoasunto=10&organismo=473&expediente=214/2024&tipoprocedimiento=0,,,,"Error general: HTTPSConnectionPool(host='www.dgej.cjf.gob.mx', port=443): Max retries exceeded with url: /siseinternet/reportes/vercaptura.aspx?tipoasunto=10&organismo=473&expediente=214/2024&tipoprocedimiento=0 (Caused by ConnectTimeoutError(<HTTPSConnection(host='www.dgej.cjf.gob.mx', port=443) at 0x7f8f7ee90da0>, 'Connection to www.dgej.cjf.gob.mx timed out. (connect timeout=10)'))",
https://www.dgej.cjf.gob.mx/siseinternet/reportes/vercaptura.aspx?tipoasunto=1&organismo=5746&expediente=1425/2025&tipoprocedimiento=0,,,,"Error general: HTTPSConnectionPool(host='www.dgej.cjf.gob.mx', port=443): Max retries exceeded with url: /siseinternet/reportes/vercaptura.aspx?tipoasunto=1&organismo=5746&expediente=1425/2025&tipoprocedimiento=0 (Caused by ConnectTimeoutError(<HTTPSConnection(host='www.dgej.cjf.gob.mx', port=443) at 0x7f8f7ee3e390>, 'Connection to www.dgej.cjf.gob.mx timed out. (connect timeout=10)'))",
https://www.dgej.cjf.gob.mx/siseinternet/reportes/vercapt95ura.aspx?tipoasunto=16&organismo=1886&expediente=14/2024&tipoprocedimiento=0,,,,"Error general: HTTPSConnectionPool(host='www.dgej.cjf.gob.mx', port=443): Max retries exceeded with url: /siseinternet/reportes/vercapt95ura.aspx?tipoasunto=16&organismo=1886&expediente=14/2024&tipoprocedimiento=0 (Caused by ConnectTimeoutError(<HTTPSConnection(host='www.dgej.cjf.gob.mx', port=443) at 0x7f8f7ee3f170>, 'Connection to www.dgej.cjf.gob.mx timed out. (connect timeout=10)'))",
https://www.dgej.cjf.gob.mx/siseinternet/reportes/vercaptura.aspx?tipoasunto=11&organismo=1887&expediente=346/2024&tipoprocedimiento=0,,,,"Error general: HTTPSConnectionPool(host='www.dgej.cjf.gob.mx', port=443): Max retries exceeded with url: /siseinternet/reportes/vercaptura.aspx?tipoasunto=11&organismo=1887&expediente=346/2024&tipoprocedimiento=0 (Caused by ConnectTimeoutError(<HTTPSConnection(host='www.dgej.cjf.gob.mx', port=443) at 0x7f8f7ee3d580>, 'Connection to www.dgej.cjf.gob.mx timed out. (connect timeout=10)'))",
https://www.dgej.cjf.gob.mx/siseinternet/reportes/vercaptura.aspx?tipoasunto=10&organismo=102&expediente=196/2024&tipoprocedimiento=0,,,,"Error general: HTTPSConnectionPool(host='www.dgej.cjf.gob.mx', port=443): Max retries exceeded with url: /siseinternet/reportes/vercaptura.aspx?tipoasunto=10&organismo=102&expediente=196/2024&tipoprocedimiento=0 (Caused by ConnectTimeoutError(<HTTPSConnection(host='www.dgej.cjf.gob.mx', port=443) at 0x7f8f7ee3ff50>, 'Connection to www.dgej.cjf.gob.mx timed out. (connect timeout=10)'))",
https://www.dgej.cjf.gob.mx/siseinternet/reportes/vercaptura.aspx?tipoasunto=16&organismo=102&expediente=59/2024&tipoprocedimiento=0,,,,"Error general: HTTPSConnectionPool(host='www.dgej.cjf.gob.mx', port=443): Max retries exceeded with url: /siseinternet/reportes/vercaptura.aspx?tipoasunto=16&organismo=102&expediente=59/2024&tipoprocedimiento=0 (Caused by ConnectTimeoutError(<HTTPSConnection(host='www.dgej.cjf.gob.mx', port=443) at 0x7f8f7ee1fe00>, 'Connection to www.dgej.cjf.gob.mx timed out. (connect timeout=10)'))",
https://www.dgej.cjf.gob.mx/siseinternet/reportes/vercaptura.aspx?tipoasunto=10&organismo=1886&expediente=286/2024&tipoprocedimiento=0,,,,"Error general: HTTPSConnectionPool(host='www.dgej.cjf.gob.mx', port=443): Max retries exceeded with url: /siseinternet/reportes/vercaptura.aspx?tipoasunto=10&organismo=1886&expediente=286/2024&tipoprocedimiento=0 (Caused by ConnectTimeoutError(<HTTPSConnection(host='www.dgej.cjf.gob.mx', port=443) at 0x7f8f7ee905f0>, 'Connection to www.dgej.cjf.gob.mx timed out. (connect timeout=10)'))",
https://www.dgej.cjf.gob.mx/siseinternet/reportes/vercaptura.aspx?tipoasunto=16&organismo=127&expediente=44/2025&tipoprocedimiento=0,,,,"Error general: HTTPSConnectionPool(host='www.dgej.cjf.gob.mx', port=443): Max retries exceeded with url: /siseinternet/reportes/vercaptura.aspx?tipoasunto=16&organismo=127&expediente=44/2025&tipoprocedimiento=0 (Caused by ConnectTimeoutError(<HTTPSConnection(host='www.dgej.cjf.gob.mx', port=443) at 0x7f8f7ee91a60>, 'Connection to www.dgej.cjf.gob.mx timed out. (connect timeout=10)'))",
https://www.dgej.cjf.gob.mx/siseinternet/reportes/vercaptura.aspx?tipoasunto=16&organismo=795&expediente=32/2024&tipoprocedimiento=0,,,,"Error general: HTTPSConnectionPool(host='www.dgej.cjf.gob.mx', port=443): Max retries exceeded with url: /siseinternet/reportes/vercaptura.aspx?tipoasunto=16&organismo=795&expediente=32/2024&tipoprocedimiento=0 (Caused by ConnectTimeoutError(<HTTPSConnection(host='www.dgej.cjf.gob.mx', port=443) at 0x7f8f7ee3f500>, 'Connection to www.dgej.cjf.gob.mx timed out. (connect timeout=10)'))",
https://www.dgej.cjf.gob.mx/siseinternet/reportes/vercaptura.aspx?tipoasunto=1&organismo=1245&expediente=471/2025&tipoprocedimiento=0,,,,"Error general: HTTPSConnectionPool(host='www.dgej.cjf.gob.mx', port=443): Max retries exceeded with url: /siseinternet/reportes/vercaptura.aspx?tipoasunto=1&organismo=1245&expediente=471/2025&tipoprocedimiento=0 (Caused by ConnectTimeoutError(<HTTPSConnection(host='www.dgej.cjf.gob.mx', port=443) at 0x7f8f7ee3e240>, 'Connection to www.dgej.cjf.gob.mx timed out. (connect timeout=10)'))",
https://www.dgej.cjf.gob.mx/siseinternet/reportes/vercaptura.aspx?tipoasunto=16&organismo=795&expediente=79/2025&tipoprocedimiento=0,,,,"Error general: HTTPSConnectionPool(host='www.dgej.cjf.gob.mx', port=443): Max retries exceeded with url: /siseinternet/reportes/vercaptura.aspx?tipoasunto=16&organismo=795&expediente=79/2025&tipoprocedimiento=0 (Caused by ConnectTimeoutError(<HTTPSConnection(host='www.dgej.cjf.gob.mx', port=443) at 0x7f8f7ee3d280>, 'Connection to www.dgej.cjf.gob.mx timed out. (connect timeout=10)'))",
https://www.dgej.cjf.gob.mx/siseinternet/reportes/vercaptura.aspx?tipoasunto=10&organismo=795&expediente=42/2025&tipoprocedimiento=0,,,,"Error general: HTTPSConnectionPool(host='www.dgej.cjf.gob.mx', port=443): Max retries exceeded with url: /siseinternet/reportes/vercaptura.aspx?tipoasunto=10&organismo=795&expediente=42/2025&tipoprocedimiento=0 (Caused by ConnectTimeoutError(<HTTPSConnection(host='www.dgej.cjf.gob.mx', port=443) at 0x7f8f7ee3e090>, 'Connection to www.dgej.cjf.gob.mx timed out. (connect timeout=10)'))",
https://www.dgej.cjf.gob.mx/siseinternet/reportes/vercaptura.aspx?tipoasunto=10&organismo=473&expediente=59/2025&tipoprocedimiento=0,,,,"Error general: HTTPSConnectionPool(host='www.dgej.cjf.gob.mx', port=443): Max retries exceeded with url: /siseinternet/reportes/vercaptura.aspx?tipoasunto=10&organismo=473&expediente=59/2025&tipoprocedimiento=0 (Caused by ConnectTimeoutError(<HTTPSConnection(host='www.dgej.cjf.gob.mx', port=443) at 0x7f8f7ee91550>, 'Connection to www.dgej.cjf.gob.mx timed out. (connect timeout=10)'))",
https://www.dgej.cjf.gob.mx/siseinternet/reportes/vercaptura.aspx?tipoasunto=11&organismo=1887&expediente=153/2025&tipoprocedimiento=0,,,,"Error general: HTTPSConnectionPool(host='www.dgej.cjf.gob.mx', port=443): Max retries exceeded with url: /siseinternet/reportes/vercaptura.aspx?tipoasunto=11&organismo=1887&expediente=153/2025&tipoprocedimiento=0 (Caused by ConnectTimeoutError(<HTTPSConnection(host='www.dgej.cjf.gob.mx', port=443) at 0x7f8f7ee904d0>, 'Connection to www.dgej.cjf.gob.mx timed out. (connect timeout=10)'))",
https://www.dgej.cjf.gob.mx/siseinternet/reportes/vercaptura.aspx?tipoasunto=16&organismo=1886&expediente=7/2025&tipoprocedimiento=0,,,,"Error general: HTTPSConnectionPool(host='www.dgej.cjf.gob.mx', port=443): Max retries exceeded with url: /siseinternet/reportes/vercaptura.aspx?tipoasunto=16&organismo=1886&expediente=7/2025&tipoprocedimiento=0 (Caused by ConnectTimeoutError(<HTTPSConnection(host='www.dgej.cjf.gob.mx', port=443) at 0x7f8f7ee3e660>, 'Connection to www.dgej.cjf.gob.mx timed out. (connect timeout=10)'))",
https://www.dgej.cjf.gob.mx/siseinternet/reportes/vercaptura.aspx?tipoasunto=16&organismo=1386&expediente=101/2024&tipoprocedimiento=0,,,,"Error general: HTTPSConnectionPool(host='www.dgej.cjf.gob.mx', port=443): Max retries exceeded with url: /siseinternet/reportes/vercaptura.aspx?tipoasunto=16&organismo=1386&expediente=101/2024&tipoprocedimiento=0 (Caused by ConnectTimeoutError(<HTTPSConnection(host='www.dgej.cjf.gob.mx', port=443) at 0x7f8f7ee3ee70>, 'Connection to www.dgej.cjf.gob.mx timed out. (connect timeout=10)'))",
